Workbook

Sheet Membership-Driven (36m)
A1: Membership-Driven Court Revenue Model – 36 months (Monthly) – v4 (Seasonality)
A2: Seasonality Index scales demand for member & non-member reservations and open play.
A4: INPUTS – Facility & Schedule | E4: INPUTS – Utilization Baselines (Members) | H4: SEASONALITY – Monthly Index
A5: Courts (count) | B5: 8 | E5: Baseline utilization – Peak (weekday) – Members | F5: 0.75 | H5: M1 | I5: 2
A6: Days open per week | B6: 7 | E6: Baseline utilization – Off-peak (weekday) – Members | F6: 0.4 | H6: M2 | I6: 1.5
A7: Hours open per day | B7: 16 | E7: Baseline utilization – Peak (weekend) – Members | F7: 0.85 | H7: M3 | I7: 1.5
A8: Peak hours share of day | B8: 0.6 | E8: Baseline utilization – Off-peak (weekend) – Members | F8: 0.5 | H8: M4 | I8: 1.2
A9: Weekend share of days | B9: 0.28571429 | H9: M5 | I9: 1
A10: Reservation share of total court time (vs open play) | B10: 0.25 | H10: M6 | I10: 1
A11: INPUTS – Pricing | E11: INPUTS – Policy & Behavior (Members) | H11: M7 | I11: 1
A12: Peak rate – Non-member ($/court-hr) | B12: 40 | E12: No-show rate (paid/no-refund portion) | F12: 0.05 | H12: M8 | I12: 1
A13: Off-peak rate – Non-member ($/court-hr) | B13: 30 | E13: Member booking share of reservations (target) | F13: 0.7 | H13: M9 | I13: 1.2
A14: Member discount on court rate | B14: 0.25 | E14: Booking window uplift (members vs non) | F14: 0.05 | H14: M10 | I14: 1.5
A15: Open Play price – Member ($/session) | B15: 5 | H15: M11 | I15: 1.5
A16: Open Play price – Non-member ($/session) | B16: 8 | H16: M12 | I16: 2
A17: Open Play session length (min) | B17: 60 | H17: Notes:
A19: INPUTS – Membership Growth (drives demand) | E19: INPUTS – Non-member Reservation Demand
A20: Starting Members (Month 1) | B20: 100 | E20: Baseline utilization – Peak (weekday) – Non-members | F20: 0.5
A21: Monthly Member Growth Rate (%) | B21: 0.05 | E21: Baseline utilization – Off-peak (weekday) – Non-members | F21: 0.4
A22: Max Member Capacity (optional) | B22: 1000 | E22: Baseline utilization – Peak (weekend) – Non-members | F22: 0.5
A23: % Members who reserve monthly | B23: 0.5 | E23: Baseline utilization – Off-peak (weekend) – Non-members | F23: 0.4
A24: Avg reservations per reserving member / month | B24: 2 | E24: Marketing uplift – Non-members (reservations) | F24: 0.1
A25: Avg reservation duration (min) | B25: 60 | E25: Non-member reservation cap (% of reservation capacity) | F25: 1
A26: Avg open-play sessions / member / month | B26: 12
A27: Open Play players per court capacity (per hour) | B27: 6
A29: HELPERS | E29: Blended Utilization
A30: Total Court Hours / month | B30: =B7*B5*4.33*B6 -> 3879.68 | E30: Blended Peak Utilization – Members | F30: =(1-B8)*F5 + B8*F7 -> 0.81
A31: Peak Hours / month | B31: =B30*B8 -> 2327.808 | E31: Blended Off-Peak Utilization – Members | F31: =(1-B8)*F6 + B8*F8 -> 0.46
A32: Off-Peak Hours / month | B32: =B30*(1-B8) -> 1551.872
A33: Open Play Hours Share | B33: =(1-B10) -> 0.75 | E33: Blended Utilization – Non-members
E34: Blended Peak Utilization – Non-members | F34: =(1-B8)*F20 + B8*F22 -> 0.5
E35: Blended Off-Peak Utilization – Non-members | F35: =(1-B8)*F21 + B8*F23 -> 0.4
E37: Reservation Capacity (attended hours cap)
E38: Reservation Capacity Hours / month | F38: =(B31*F30 + B32*F31)*B10 -> 649.8464
A39: Reservation Duration (hours) | B39: =B25/60 -> 1
A40: Open Play Session Length (hours) | B40: =B17/60 -> 1 | E40: Reservation Rates (blended)
E41: Blended Non-member Reservation Rate ($/hr) | F41: =(B12*B31 + B13*B32)/(B31+B32) -> 36
E42: Blended Member Reservation Rate ($/hr) | F42: =F41*(1-B14) -> 27
A44: Month | B44: Seasonality Index | C44: Members | D44: Member Reservation Hours (raw) | E44: Member Reservation Hours (capped) | F44: Non-member Reservation Demand Hours | G44: Non-member Reservation Hours (actual) | H44: Avg Reservation Rate ($/hr) | I44: Reservation Revenue (attended) | J44: No-show Revenue | K44: Member Open Play Hours (raw) | L44: Member Open Play Hours (capped) | M44: Member Open Play Sessions | N44: Member Open Play Revenue | O44: Non-member Open Play Hours | P44: Non-member Open Play Sessions | Q44: Non-member Open Play Revenue | R44: TOTAL Court Revenue ($/mo)
A45: M1 | B45: =INDEX($I$5:$I$16, 1+MOD(1-1,12)) -> 2 | C45: =MIN(B20,$B$22) -> 100 | D45: =C45*$B$23*$B$24*$B$39*B45 -> 200 | E45: =MIN(D45, $F$38) -> 200 | F45: =(($B$31*$F$34*$B$10) + ($B$32*$F$35*$B$10))*(1+$F$24)*B45 -> 981.55904 | G45: =MIN(F45, MAX($F$38-E45,0), $F$25*$F$38) -> 449.8464 | H45: =IFERROR(($F$42*E45 + $F$41*G45)/(E45+G45),0) -> 33.230115 | I45: =(E45+G45)*H45 -> 21594.47 | J45: =H45*(E45+G45)*$F$12 -> 1079.7235 | K45: =C45*$B$26*$B$40*B45 -> 2400 | L45: =MIN(K45, $B$30*(1-$B$10)) -> 2400 | M45: =IFERROR(L45/$B$40,0) -> 2400 | N45: =M45*$B$15 -> 12000 | O45: =MAX($B$30*(1-$B$10)-L45,0) -> 509.76 | P45: =IFERROR(O45/$B$40,0) -> 509.76 | Q45: =P45*$B$16 -> 4078.08 | R45: =I45+J45+N45+Q45 -> 38752.274
A46: M2 | B46: =INDEX($I$5:$I$16, 1+MOD(2-1,12)) -> 1.5 | C46: =MIN(C45*(1+$B$21), $B$22) -> 105 | D46: =C46*$B$23*$B$24*$B$39*B46 -> 157.5 | E46: =MIN(D46, $F$38) -> 157.5 | F46: =(($B$31*$F$34*$B$10) + ($B$32*$F$35*$B$10))*(1+$F$24)*B46 -> 736.16928 | G46: =MIN(F46, MAX(F38-E46,0), F24*F38) -> 64.98464 | H46: =IFERROR(($F$42*E46 + $F$41*G46)/(E46+G46),0) -> 29.628774 | I46: =(E46+G46)*H46 -> 6591.947 | J46: =H46*(E46+G46)*$F$12 -> 329.59735 | K46: =C46*$B$26*$B$40*B46 -> 1890 | L46: =MIN(K46, $B$30*(1-$B$10)) -> 1890 | M46: =IFERROR(L46/$B$40,0) -> 1890 | N46: =M46*$B$15 -> 9450 | O46: =MAX($B$30*(1-$B$10)-L46,0) -> 1019.76 | P46: =IFERROR(O46/$B$40,0) -> 1019.76 | Q46: =P46*$B$16 -> 8158.08 | R46: =I46+J46+N46+Q46 -> 24529.624
A47: M3 | B47: =INDEX($I$5:$I$16, 1+MOD(3-1,12)) -> 1.5 | C47: =MIN(C46*(1+$B$21), $B$22) -> 110.25 | D47: =C47*$B$23*$B$24*$B$39*B47 -> 165.375 | E47: =MIN(D47, $F$38) -> 165.375 | F47: =(($B$31*$F$34*$B$10) + ($B$32*$F$35*$B$10))*(1+$F$24)*B47 -> 736.16928 | G47: =MIN(F47, MAX(F38-E47,0), F24*F38) -> 64.98464 | H47: =IFERROR(($F$42*E47 + $F$41*G47)/(E47+G47),0) -> 29.538907 | I47: =(E47+G47)*H47 -> 6804.572 | J47: =H47*(E47+G47)*$F$12 -> 340.2286 | K47: =C47*B25*B40*B47 -> 9922.5 | L47: =MIN(K47, $B$30*(1-$B$10)) -> 2909.76 | M47: =IFERROR(L47/$B$40,0) -> 2909.76 | N47: =M47*$B$15 -> 14548.8 | O47: =MAX($B$30*(1-$B$10)-L47,0) -> 0 | P47: =IFERROR(O47/$B$40,0) -> 0 | Q47: =P47*$B$16 -> 0 | R47: =I47+J47+N47+Q47 -> 21693.601
A48: M4 | B48: =INDEX($I$5:$I$16, 1+MOD(4-1,12)) -> 1.2 | C48: =MIN(C47*(1+$B$21), $B$22) -> 115.7625 | D48: =C48*$B$23*$B$24*$B$39*B48 -> 138.915 | E48: =MIN(D48, $F$38) -> 138.915 | F48: =(($B$31*$F$34*$B$10) + ($B$32*$F$35*$B$10))*(1+$F$24)*B48 -> 588.93542 | G48: =MIN(F48, MAX(F38-E48,0), F24*F38) -> 64.98464 | H48: =IFERROR(($F$42*E48 + $F$41*G48)/(E48+G48),0) -> 29.868381 | I48: =(E48+G48)*H48 -> 6090.152 | J48: =H48*(E48+G48)*$F$12 -> 304.5076 | K48: =C48*B25*B40*B48 -> 8334.9 | L48: =MIN(K48, $B$30*(1-$B$10)) -> 2909.76 | M48: =IFERROR(L48/$B$40,0) -> 2909.76 | N48: =M48*$B$15 -> 14548.8 | O48: =MAX($B$30*(1-$B$10)-L48,0) -> 0 | P48: =IFERROR(O48/$B$40,0) -> 0 | Q48: =P48*$B$16 -> 0 | R48: =I48+J48+N48+Q48 -> 20943.46
A49: M5 | B49: =INDEX($I$5:$I$16, 1+MOD(5-1,12)) -> 1 | C49: =MIN(C48*(1+$B$21), $B$22) -> 121.55063 | D49: =C49*$B$23*$B$24*$B$39*B49 -> 121.55063 | E49: =MIN(D49, $F$38) -> 121.55063 | F49: =(($B$31*$F$34*$B$10) + ($B$32*$F$35*$B$10))*(1+$F$24)*B49 -> 490.77952 | G49: =MIN(F49, MAX(F38-E49,0), F24*F38) -> 64.98464 | H49: =IFERROR(($F$42*E49 + $F$41*G49)/(E49+G49),0) -> 30.135395 | I49: =(E49+G49)*H49 -> 5621.3139 | J49: =H49*(E49+G49)*$F$12 -> 281.0657 | K49: =C49*B25*B40*B49 -> 7293.0375 | L49: =MIN(K49, $B$30*(1-$B$10)) -> 2909.76 | M49: =IFERROR(L49/$B$40,0) -> 2909.76 | N49: =M49*$B$15 -> 14548.8 | O49: =MAX($B$30*(1-$B$10)-L49,0) -> 0 | P49: =IFERROR(O49/$B$40,0) -> 0 | Q49: =P49*$B$16 -> 0 | R49: =I49+J49+N49+Q49 -> 20451.18
A50: M6 | B50: =INDEX($I$5:$I$16, 1+MOD(6-1,12)) -> 1 | C50: =MIN(C49*(1+$B$21), $B$22) -> 127.62816 | D50: =C50*$B$23*$B$24*$B$39*B50 -> 127.62816 | E50: =MIN(D50, $F$38) -> 127.62816 | F50: =(($B$31*$F$34*$B$10) + ($B$32*$F$35*$B$10))*(1+$F$24)*B50 -> 490.77952 | G50: =MIN(F50, MAX(F38-E50,0), F24*F38) -> 64.98464 | H50: =IFERROR(($F$42*E50 + $F$41*G50)/(E50+G50),0) -> 30.036464 | I50: =(E50+G50)*H50 -> 5785.4073 | J50: =H50*(E50+G50)*$F$12 -> 289.27036 | K50: =C50*B25*B40*B50 -> 7657.6894 | L50: =MIN(K50, $B$30*(1-$B$10)) -> 2909.76 | M50: =IFERROR(L50/$B$40,0) -> 2909.76 | N50: =M50*$B$15 -> 14548.8 | O50: =MAX($B$30*(1-$B$10)-L50,0) -> 0 | P50: =IFERROR(O50/$B$40,0) -> 0 | Q50: =P50*$B$16 -> 0 | R50: =I50+J50+N50+Q50 -> 20623.478
A51: M7 | B51: =INDEX($I$5:$I$16, 1+MOD(7-1,12)) -> 1 | C51: =MIN(C50*(1+$B$21), $B$22) -> 134.00956 | D51: =C51*$B$23*$B$24*$B$39*B51 -> 134.00956 | E51: =MIN(D51, $F$38) -> 134.00956 | F51: =(($B$31*$F$34*$B$10) + ($B$32*$F$35*$B$10))*(1+$F$24)*B51 -> 490.77952 | G51: =MIN(F51, MAX(F38-E51,0), F24*F38) -> 64.98464 | H51: =IFERROR(($F$42*E51 + $F$41*G51)/(E51+G51),0) -> 29.939089 | I51: =(E51+G51)*H51 -> 5957.7053 | J51: =H51*(E51+G51)*$F$12 -> 297.88526 | K51: =C51*B25*B40*B51 -> 8040.5738 | L51: =MIN(K51, $B$30*(1-$B$10)) -> 2909.76 | M51: =IFERROR(L51/$B$40,0) -> 2909.76 | N51: =M51*$B$15 -> 14548.8 | O51: =MAX($B$30*(1-$B$10)-L51,0) -> 0 | P51: =IFERROR(O51/$B$40,0) -> 0 | Q51: =P51*$B$16 -> 0 | R51: =I51+J51+N51+Q51 -> 20804.391
A52: M8 | B52: =INDEX($I$5:$I$16, 1+MOD(8-1,12)) -> 1 | C52: =MIN(C51*(1+$B$21), $B$22) -> 140.71004 | D52: =C52*$B$23*$B$24*$B$39*B52 -> 140.71004 | E52: =MIN(D52, $F$38) -> 140.71004 | F52: =(($B$31*$F$34*$B$10) + ($B$32*$F$35*$B$10))*(1+$F$24)*B52 -> 490.77952 | G52: =MIN(F52, MAX(F38-E52,0), F24*F38) -> 64.98464 | H52: =IFERROR(($F$42*E52 + $F$41*G52)/(E52+G52),0) -> 29.843349 | I52: =(E52+G52)*H52 -> 6138.6182 | J52: =H52*(E52+G52)*$F$12 -> 306.93091 | K52: =C52*B25*B40*B52 -> 8442.6025 | L52: =MIN(K52, $B$30*(1-$B$10)) -> 2909.76 | M52: =IFERROR(L52/$B$40,0) -> 2909.76 | N52: =M52*$B$15 -> 14548.8 | O52: =MAX($B$30*(1-$B$10)-L52,0) -> 0 | P52: =IFERROR(O52/$B$40,0) -> 0 | Q52: =P52*$B$16 -> 0 | R52: =I52+J52+N52+Q52 -> 20994.349
A53: M9 | B53: =INDEX($I$5:$I$16, 1+MOD(9-1,12)) -> 1.2 | C53: =MIN(C52*(1+$B$21), $B$22) -> 147.74554 | D53: =C53*$B$23*$B$24*$B$39*B53 -> 177.29465 | E53: =MIN(D53, $F$38) -> 177.29465 | F53: =(($B$31*$F$34*$B$10) + ($B$32*$F$35*$B$10))*(1+$F$24)*B53 -> 588.93542 | G53: =MIN(F53, MAX(F38-E53,0), F24*F38) -> 64.98464 | H53: =IFERROR(($F$42*E53 + $F$41*G53)/(E53+G53),0) -> 29.413998 | I53: =(E53+G53)*H53 -> 7126.4027 | J53: =H53*(E53+G53)*$F$12 -> 356.32013 | K53: =C53*B25*B40*B53 -> 10637.679 | L53: =MIN(K53, $B$30*(1-$B$10)) -> 2909.76 | M53: =IFERROR(L53/$B$40,0) -> 2909.76 | N53: =M53*$B$15 -> 14548.8 | O53: =MAX($B$30*(1-$B$10)-L53,0) -> 0 | P53: =IFERROR(O53/$B$40,0) -> 0 | Q53: =P53*$B$16 -> 0 | R53: =I53+J53+N53+Q53 -> 22031.523
A54: M10 | B54: =INDEX($I$5:$I$16, 1+MOD(10-1,12)) -> 1.5 | C54: =MIN(C53*(1+$B$21), $B$22) -> 155.13282 | D54: =C54*$B$23*$B$24*$B$39*B54 -> 232.69923 | E54: =MIN(D54, $F$38) -> 232.69923 | F54: =(($B$31*$F$34*$B$10) + ($B$32*$F$35*$B$10))*(1+$F$24)*B54 -> 736.16928 | G54: =MIN(F54, MAX(F38-E54,0), F24*F38) -> 64.98464 | H54: =IFERROR(($F$42*E54 + $F$41*G54)/(E54+G54),0) -> 28.964708 | I54: =(E54+G54)*H54 -> 8622.3263 | J54: =H54*(E54+G54)*$F$12 -> 431.11632 | K54: =C54*B25*B40*B54 -> 13961.954 | L54: =MIN(K54, $B$30*(1-$B$10)) -> 2909.76 | M54: =IFERROR(L54/$B$40,0) -> 2909.76 | N54: =M54*$B$15 -> 14548.8 | O54: =MAX($B$30*(1-$B$10)-L54,0) -> 0 | P54: =IFERROR(O54/$B$40,0) -> 0 | Q54: =P54*$B$16 -> 0 | R54: =I54+J54+N54+Q54 -> 23602.243
A55: M11 | B55: =INDEX($I$5:$I$16, 1+MOD(11-1,12)) -> 1.5 | C55: =MIN(C54*(1+$B$21), $B$22) -> 162.88946 | D55: =C55*$B$23*$B$24*$B$39*B55 -> 244.33419 | E55: =MIN(D55, $F$38) -> 244.33419 | F55: =(($B$31*$F$34*$B$10) + ($B$32*$F$35*$B$10))*(1+$F$24)*B55 -> 736.16928 | G55: =MIN(F55, MAX(F38-E55,0), F24*F38) -> 64.98464 | H55: =IFERROR(($F$42*E55 + $F$41*G55)/(E55+G55),0) -> 28.890806 | I55: =(E55+G55)*H55 -> 8936.4703 | J55: =H55*(E55+G55)*$F$12 -> 446.82351 | K55: =C55*B25*B40*B55 -> 14660.052 | L55: =MIN(K55, $B$30*(1-$B$10)) -> 2909.76 | M55: =IFERROR(L55/$B$40,0) -> 2909.76 | N55: =M55*$B$15 -> 14548.8 | O55: =MAX($B$30*(1-$B$10)-L55,0) -> 0 | P55: =IFERROR(O55/$B$40,0) -> 0 | Q55: =P55*$B$16 -> 0 | R55: =I55+J55+N55+Q55 -> 23932.094
A56: M12 | B56: =INDEX($I$5:$I$16, 1+MOD(12-1,12)) -> 2 | C56: =MIN(C55*(1+$B$21), $B$22) -> 171.03394 | D56: =C56*$B$23*$B$24*$B$39*B56 -> 342.06787 | E56: =MIN(D56, $F$38) -> 342.06787 | F56: =(($B$31*$F$34*$B$10) + ($B$32*$F$35*$B$10))*(1+$F$24)*B56 -> 981.55904 | G56: =MIN(F56, MAX(F38-E56,0), F24*F38) -> 64.98464 | H56: =IFERROR(($F$42*E56 + $F$41*G56)/(E56+G56),0) -> 28.436821 | I56: =(E56+G56)*H56 -> 11575.28 | J56: =H56*(E56+G56)*$F$12 -> 578.76398 | K56: =C56*B25*B40*B56 -> 20524.072 | L56: =MIN(K56, $B$30*(1-$B$10)) -> 2909.76 | M56: =IFERROR(L56/$B$40,0) -> 2909.76 | N56: =M56*$B$15 -> 14548.8 | O56: =MAX($B$30*(1-$B$10)-L56,0) -> 0 | P56: =IFERROR(O56/$B$40,0) -> 0 | Q56: =P56*$B$16 -> 0 | R56: =I56+J56+N56+Q56 -> 26702.844
A57: M13 | B57: =INDEX($I$5:$I$16, 1+MOD(13-1,12)) -> 2 | C57: =MIN(C56*(1+$B$21), $B$22) -> 179.58563 | D57: =C57*$B$23*$B$24*$B$39*B57 -> 359.17127 | E57: =MIN(D57, $F$38) -> 359.17127 | F57: =(($B$31*$F$34*$B$10) + ($B$32*$F$35*$B$10))*(1+$F$24)*B57 -> 981.55904 | G57: =MIN(F57, MAX(F38-E57,0), F24*F38) -> 64.98464 | H57: =IFERROR(($F$42*E57 + $F$41*G57)/(E57+G57),0) -> 28.378884 | I57: =(E57+G57)*H57 -> 12037.071 | J57: =H57*(E57+G57)*$F$12 -> 601.85356 | K57: =C57*B25*B40*B57 -> 21550.276 | L57: =MIN(K57, $B$30*(1-$B$10)) -> 2909.76 | M57: =IFERROR(L57/$B$40,0) -> 2909.76 | N57: =M57*$B$15 -> 14548.8 | O57: =MAX($B$30*(1-$B$10)-L57,0) -> 0 | P57: =IFERROR(O57/$B$40,0) -> 0 | Q57: =P57*$B$16 -> 0 | R57: =I57+J57+N57+Q57 -> 27187.725
A58: M14 | B58: =INDEX($I$5:$I$16, 1+MOD(14-1,12)) -> 1.5 | C58: =MIN(C57*(1+$B$21), $B$22) -> 188.56491 | D58: =C58*$B$23*$B$24*$B$39*B58 -> 282.84737 | E58: =MIN(D58, $F$38) -> 282.84737 | F58: =(($B$31*$F$34*$B$10) + ($B$32*$F$35*$B$10))*(1+$F$24)*B58 -> 736.16928 | G58: =MIN(F58, MAX(F38-E58,0), F24*F38) -> 64.98464 | H58: =IFERROR(($F$42*E58 + $F$41*G58)/(E58+G58),0) -> 28.681449 | I58: =(E58+G58)*H58 -> 9976.3261 | J58: =H58*(E58+G58)*$F$12 -> 498.8163 | K58: =C58*B25*B40*B58 -> 16970.842 | L58: =MIN(K58, $B$30*(1-$B$10)) -> 2909.76 | M58: =IFERROR(L58/$B$40,0) -> 2909.76 | N58: =M58*$B$15 -> 14548.8 | O58: =MAX($B$30*(1-$B$10)-L58,0) -> 0 | P58: =IFERROR(O58/$B$40,0) -> 0 | Q58: =P58*$B$16 -> 0 | R58: =I58+J58+N58+Q58 -> 25023.942
A59: M15 | B59: =INDEX($I$5:$I$16, 1+MOD(15-1,12)) -> 1.5 | C59: =MIN(C58*(1+$B$21), $B$22) -> 197.99316 | D59: =C59*$B$23*$B$24*$B$39*B59 -> 296.98974 | E59: =MIN(D59, $F$38) -> 296.98974 | F59: =(($B$31*$F$34*$B$10) + ($B$32*$F$35*$B$10))*(1+$F$24)*B59 -> 736.16928 | G59: =MIN(F59, MAX(F38-E59,0), F24*F38) -> 64.98464 | H59: =IFERROR(($F$42*E59 + $F$41*G59)/(E59+G59),0) -> 28.615755 | I59: =(E59+G59)*H59 -> 10358.17 | J59: =H59*(E59+G59)*$F$12 -> 517.9085 | K59: =C59*B25*B40*B59 -> 17819.384 | L59: =MIN(K59, $B$30*(1-$B$10)) -> 2909.76 | M59: =IFERROR(L59/$B$40,0) -> 2909.76 | N59: =M59*$B$15 -> 14548.8 | O59: =MAX($B$30*(1-$B$10)-L59,0) -> 0 | P59: =IFERROR(O59/$B$40,0) -> 0 | Q59: =P59*$B$16 -> 0 | R59: =I59+J59+N59+Q59 -> 25424.879
A60: M16 | B60: =INDEX($I$5:$I$16, 1+MOD(16-1,12)) -> 1.2 | C60: =MIN(C59*(1+$B$21), $B$22) -> 207.89282 | D60: =C60*$B$23*$B$24*$B$39*B60 -> 249.47138 | E60: =MIN(D60, $F$38) -> 249.47138 | F60: =(($B$31*$F$34*$B$10) + ($B$32*$F$35*$B$10))*(1+$F$24)*B60 -> 588.93542 | G60: =MIN(F60, MAX(F38-E60,0), F24*F38) -> 64.98464 | H60: =IFERROR(($F$42*E60 + $F$41*G60)/(E60+G60),0) -> 28.859916 | I60: =(E60+G60)*H60 -> 9075.1743 | J60: =H60*(E60+G60)*$F$12 -> 453.75872 | K60: =C60*B25*B40*B60 -> 14968.283 | L60: =MIN(K60, $B$30*(1-$B$10)) -> 2909.76 | M60: =IFERROR(L60/$B$40,0) -> 2909.76 | N60: =M60*$B$15 -> 14548.8 | O60: =MAX($B$30*(1-$B$10)-L60,0) -> 0 | P60: =IFERROR(O60/$B$40,0) -> 0 | Q60: =P60*$B$16 -> 0 | R60: =I60+J60+N60+Q60 -> 24077.733
A61: M17 | B61: =INDEX($I$5:$I$16, 1+MOD(17-1,12)) -> 1 | C61: =MIN(C60*(1+$B$21), $B$22) -> 218.28746 | D61: =C61*$B$23*$B$24*$B$39*B61 -> 218.28746 | E61: =MIN(D61, $F$38) -> 218.28746 | F61: =(($B$31*$F$34*$B$10) + ($B$32*$F$35*$B$10))*(1+$F$24)*B61 -> 490.77952 | G61: =MIN(F61, MAX(F38-E61,0), F24*F38) -> 64.98464 | H61: =IFERROR(($F$42*E61 + $F$41*G61)/(E61+G61),0) -> 29.064664 | I61: =(E61+G61)*H61 -> 8233.2084 | J61: =H61*(E61+G61)*$F$12 -> 411.66042 | K61: =C61*B25*B40*B61 -> 13097.248 | L61: =MIN(K61, $B$30*(1-$B$10)) -> 2909.76 | M61: =IFERROR(L61/$B$40,0) -> 2909.76 | N61: =M61*$B$15 -> 14548.8 | O61: =MAX($B$30*(1-$B$10)-L61,0) -> 0 | P61: =IFERROR(O61/$B$40,0) -> 0 | Q61: =P61*$B$16 -> 0 | R61: =I61+J61+N61+Q61 -> 23193.669
A62: M18 | B62: =INDEX($I$5:$I$16, 1+MOD(18-1,12)) -> 1 | C62: =MIN(C61*(1+$B$21), $B$22) -> 229.20183 | D62: =C62*$B$23*$B$24*$B$39*B62 -> 229.20183 | E62: =MIN(D62, $F$38) -> 229.20183 | F62: =(($B$31*$F$34*$B$10) + ($B$32*$F$35*$B$10))*(1+$F$24)*B62 -> 490.77952 | G62: =MIN(F62, MAX(F38-E62,0), F24*F38) -> 64.98464 | H62: =IFERROR(($F$42*E62 + $F$41*G62)/(E62+G62),0) -> 28.988065 | I62: =(E62+G62)*H62 -> 8527.8965 | J62: =H62*(E62+G62)*$F$12 -> 426.39482 | K62: =C62*B25*B40*B62 -> 13752.11 | L62: =MIN(K62, $B$30*(1-$B$10)) -> 2909.76 | M62: =IFERROR(L62/$B$40,0) -> 2909.76 | N62: =M62*$B$15 -> 14548.8 | O62: =MAX($B$30*(1-$B$10)-L62,0) -> 0 | P62: =IFERROR(O62/$B$40,0) -> 0 | Q62: =P62*$B$16 -> 0 | R62: =I62+J62+N62+Q62 -> 23503.091
A63: M19 | B63: =INDEX($I$5:$I$16, 1+MOD(19-1,12)) -> 1 | C63: =MIN(C62*(1+$B$21), $B$22) -> 240.66192 | D63: =C63*$B$23*$B$24*$B$39*B63 -> 240.66192 | E63: =MIN(D63, $F$38) -> 240.66192 | F63: =(($B$31*$F$34*$B$10) + ($B$32*$F$35*$B$10))*(1+$F$24)*B63 -> 490.77952 | G63: =MIN(F63, MAX(F38-E63,0), F24*F38) -> 64.98464 | H63: =IFERROR(($F$42*E63 + $F$41*G63)/(E63+G63),0) -> 28.913523 | I63: =(E63+G63)*H63 -> 8837.319 | J63: =H63*(E63+G63)*$F$12 -> 441.86595 | K63: =C63*B25*B40*B63 -> 14439.715 | L63: =MIN(K63, $B$30*(1-$B$10)) -> 2909.76 | M63: =IFERROR(L63/$B$40,0) -> 2909.76 | N63: =M63*$B$15 -> 14548.8 | O63: =MAX($B$30*(1-$B$10)-L63,0) -> 0 | P63: =IFERROR(O63/$B$40,0) -> 0 | Q63: =P63*$B$16 -> 0 | R63: =I63+J63+N63+Q63 -> 23827.985
A64: M20 | B64: =INDEX($I$5:$I$16, 1+MOD(20-1,12)) -> 1 | C64: =MIN(C63*(1+$B$21), $B$22) -> 252.69502 | D64: =C64*$B$23*$B$24*$B$39*B64 -> 252.69502 | E64: =MIN(D64, $F$38) -> 252.69502 | F64: =(($B$31*$F$34*$B$10) + ($B$32*$F$35*$B$10))*(1+$F$24)*B64 -> 490.77952 | G64: =MIN(F64, MAX(F38-E64,0), F24*F38) -> 64.98464 | H64: =IFERROR(($F$42*E64 + $F$41*G64)/(E64+G64),0) -> 28.841043 | I64: =(E64+G64)*H64 -> 9162.2126 | J64: =H64*(E64+G64)*$F$12 -> 458.11063 | K64: =C64*B25*B40*B64 -> 15161.701 | L64: =MIN(K64, $B$30*(1-$B$10)) -> 2909.76 | M64: =IFERROR(L64/$B$40,0) -> 2909.76 | N64: =M64*$B$15 -> 14548.8 | O64: =MAX($B$30*(1-$B$10)-L64,0) -> 0 | P64: =IFERROR(O64/$B$40,0) -> 0 | Q64: =P64*$B$16 -> 0 | R64: =I64+J64+N64+Q64 -> 24169.123
A65: M21 | B65: =INDEX($I$5:$I$16, 1+MOD(21-1,12)) -> 1.2 | C65: =MIN(C64*(1+$B$21), $B$22) -> 265.32977 | D65: =C65*$B$23*$B$24*$B$39*B65 -> 318.39572 | E65: =MIN(D65, $F$38) -> 318.39572 | F65: =(($B$31*$F$34*$B$10) + ($B$32*$F$35*$B$10))*(1+$F$24)*B65 -> 588.93542 | G65: =MIN(F65, MAX(F38-E65,0), F24*F38) -> 64.98464 | H65: =IFERROR(($F$42*E65 + $F$41*G65)/(E65+G65),0) -> 28.525539 | I65: =(E65+G65)*H65 -> 10936.132 | J65: =H65*(E65+G65)*$F$12 -> 546.80658 | K65: =C65*B25*B40*B65 -> 19103.743 | L65: =MIN(K65, $B$30*(1-$B$10)) -> 2909.76 | M65: =IFERROR(L65/$B$40,0) -> 2909.76 | N65: =M65*$B$15 -> 14548.8 | O65: =MAX($B$30*(1-$B$10)-L65,0) -> 0 | P65: =IFERROR(O65/$B$40,0) -> 0 | Q65: =P65*$B$16 -> 0 | R65: =I65+J65+N65+Q65 -> 26031.738
A66: M22 | B66: =INDEX($I$5:$I$16, 1+MOD(22-1,12)) -> 1.5 | C66: =MIN(C65*(1+$B$21), $B$22) -> 278.59626 | D66: =C66*$B$23*$B$24*$B$39*B66 -> 417.89439 | E66: =MIN(D66, $F$38) -> 417.89439 | F66: =(($B$31*$F$34*$B$10) + ($B$32*$F$35*$B$10))*(1+$F$24)*B66 -> 736.16928 | G66: =MIN(F66, MAX(F38-E66,0), F24*F38) -> 64.98464 | H66: =IFERROR(($F$42*E66 + $F$41*G66)/(E66+G66),0) -> 28.211197 | I66: =(E66+G66)*H66 -> 13622.596 | J66: =H66*(E66+G66)*$F$12 -> 681.12978 | K66: =C66*B25*B40*B66 -> 25073.663 | L66: =MIN(K66, $B$30*(1-$B$10)) -> 2909.76 | M66: =IFERROR(L66/$B$40,0) -> 2909.76 | N66: =M66*$B$15 -> 14548.8 | O66: =MAX($B$30*(1-$B$10)-L66,0) -> 0 | P66: =IFERROR(O66/$B$40,0) -> 0 | Q66: =P66*$B$16 -> 0 | R66: =I66+J66+N66+Q66 -> 28852.525
A67: M23 | B67: =INDEX($I$5:$I$16, 1+MOD(23-1,12)) -> 1.5 | C67: =MIN(C66*(1+$B$21), $B$22) -> 292.52607 | D67: =C67*$B$23*$B$24*$B$39*B67 -> 438.78911 | E67: =MIN(D67, $F$38) -> 438.78911 | F67: =(($B$31*$F$34*$B$10) + ($B$32*$F$35*$B$10))*(1+$F$24)*B67 -> 736.16928 | G67: =MIN(F67, MAX(F38-E67,0), F24*F38) -> 64.98464 | H67: =IFERROR(($F$42*E67 + $F$41*G67)/(E67+G67),0) -> 28.160961 | I67: =(E67+G67)*H67 -> 14186.753 | J67: =H67*(E67+G67)*$F$12 -> 709.33765 | K67: =C67*B25*B40*B67 -> 26327.346 | L67: =MIN(K67, $B$30*(1-$B$10)) -> 2909.76 | M67: =IFERROR(L67/$B$40,0) -> 2909.76 | N67: =M67*$B$15 -> 14548.8 | O67: =MAX($B$30*(1-$B$10)-L67,0) -> 0 | P67: =IFERROR(O67/$B$40,0) -> 0 | Q67: =P67*$B$16 -> 0 | R67: =I67+J67+N67+Q67 -> 29444.891
A68: M24 | B68: =INDEX($I$5:$I$16, 1+MOD(24-1,12)) -> 2 | C68: =MIN(C67*(1+$B$21), $B$22) -> 307.15238 | D68: =C68*$B$23*$B$24*$B$39*B68 -> 614.30475 | E68: =MIN(D68, $F$38) -> 614.30475 | F68: =(($B$31*$F$34*$B$10) + ($B$32*$F$35*$B$10))*(1+$F$24)*B68 -> 981.55904 | G68: =MIN(F68, MAX(F38-E68,0), F24*F38) -> 35.541649 | H68: =IFERROR(($F$42*E68 + $F$41*G68)/(E68+G68),0) -> 27.492231 | I68: =(E68+G68)*H68 -> 17865.728 | J68: =H68*(E68+G68)*$F$12 -> 893.28638 | K68: =C68*B25*B40*B68 -> 36858.285 | L68: =MIN(K68, $B$30*(1-$B$10)) -> 2909.76 | M68: =IFERROR(L68/$B$40,0) -> 2909.76 | N68: =M68*$B$15 -> 14548.8 | O68: =MAX($B$30*(1-$B$10)-L68,0) -> 0 | P68: =IFERROR(O68/$B$40,0) -> 0 | Q68: =P68*$B$16 -> 0 | R68: =I68+J68+N68+Q68 -> 33307.814
A69: M25 | B69: =INDEX($I$5:$I$16, 1+MOD(25-1,12)) -> 2 | C69: =MIN(C68*(1+$B$21), $B$22) -> 322.50999 | D69: =C69*$B$23*$B$24*$B$39*B69 -> 645.01999 | E69: =MIN(D69, $F$38) -> 645.01999 | F69: =(($B$31*$F$34*$B$10) + ($B$32*$F$35*$B$10))*(1+$F$24)*B69 -> 981.55904 | G69: =MIN(F69, MAX(F38-E69,0), F24*F38) -> 4.8264113 | H69: =IFERROR(($F$42*E69 + $F$41*G69)/(E69+G69),0) -> 27.066843 | I69: =(E69+G69)*H69 -> 17589.291 | J69: =H69*(E69+G69)*$F$12 -> 879.46453 | K69: =C69*B25*B40*B69 -> 38701.199 | L69: =MIN(K69, $B$30*(1-$B$10)) -> 2909.76 | M69: =IFERROR(L69/$B$40,0) -> 2909.76 | N69: =M69*$B$15 -> 14548.8 | O69: =MAX($B$30*(1-$B$10)-L69,0) -> 0 | P69: =IFERROR(O69/$B$40,0) -> 0 | Q69: =P69*$B$16 -> 0 | R69: =I69+J69+N69+Q69 -> 33017.555
A70: M26 | B70: =INDEX($I$5:$I$16, 1+MOD(26-1,12)) -> 1.5 | C70: =MIN(C69*(1+$B$21), $B$22) -> 338.63549 | D70: =C70*$B$23*$B$24*$B$39*B70 -> 507.95324 | E70: =MIN(D70, $F$38) -> 507.95324 | F70: =(($B$31*$F$34*$B$10) + ($B$32*$F$35*$B$10))*(1+$F$24)*B70 -> 736.16928 | G70: =MIN(F70, MAX(F38-E70,0), F24*F38) -> 64.98464 | H70: =IFERROR(($F$42*E70 + $F$41*G70)/(E70+G70),0) -> 28.020812 | I70: =(E70+G70)*H70 -> 16054.185 | J70: =H70*(E70+G70)*$F$12 -> 802.70923 | K70: =C70*B25*B40*B70 -> 30477.194 | L70: =MIN(K70, $B$30*(1-$B$10)) -> 2909.76 | M70: =IFERROR(L70/$B$40,0) -> 2909.76 | N70: =M70*$B$15 -> 14548.8 | O70: =MAX($B$30*(1-$B$10)-L70,0) -> 0 | P70: =IFERROR(O70/$B$40,0) -> 0 | Q70: =P70*$B$16 -> 0 | R70: =I70+J70+N70+Q70 -> 31405.694
A71: M27 | B71: =INDEX($I$5:$I$16, 1+MOD(27-1,12)) -> 1.5 | C71: =MIN(C70*(1+$B$21), $B$22) -> 355.56727 | D71: =C71*$B$23*$B$24*$B$39*B71 -> 533.3509 | E71: =MIN(D71, $F$38) -> 533.3509 | F71: =(($B$31*$F$34*$B$10) + ($B$32*$F$35*$B$10))*(1+$F$24)*B71 -> 736.16928 | G71: =MIN(F71, MAX(F38-E71,0), F24*F38) -> 64.98464 | H71: =IFERROR(($F$42*E71 + $F$41*G71)/(E71+G71),0) -> 27.977481 | I71: =(E71+G71)*H71 -> 16739.921 | J71: =H71*(E71+G71)*$F$12 -> 836.99607 | K71: =C71*B25*B40*B71 -> 32001.054 | L71: =MIN(K71, $B$30*(1-$B$10)) -> 2909.76 | M71: =IFERROR(L71/$B$40,0) -> 2909.76 | N71: =M71*$B$15 -> 14548.8 | O71: =MAX($B$30*(1-$B$10)-L71,0) -> 0 | P71: =IFERROR(O71/$B$40,0) -> 0 | Q71: =P71*$B$16 -> 0 | R71: =I71+J71+N71+Q71 -> 32125.717
A72: M28 | B72: =INDEX($I$5:$I$16, 1+MOD(28-1,12)) -> 1.2 | C72: =MIN(C71*(1+$B$21), $B$22) -> 373.34563 | D72: =C72*$B$23*$B$24*$B$39*B72 -> 448.01476 | E72: =MIN(D72, $F$38) -> 448.01476 | F72: =(($B$31*$F$34*$B$10) + ($B$32*$F$35*$B$10))*(1+$F$24)*B72 -> 588.93542 | G72: =MIN(F72, MAX(F38-E72,0), F24*F38) -> 64.98464 | H72: =IFERROR(($F$42*E72 + $F$41*G72)/(E72+G72),0) -> 28.140083 | I72: =(E72+G72)*H72 -> 14435.846 | J72: =H72*(E72+G72)*$F$12 -> 721.79228 | K72: =C72*B25*B40*B72 -> 26880.886 | L72: =MIN(K72, $B$30*(1-$B$10)) -> 2909.76 | M72: =IFERROR(L72/$B$40,0) -> 2909.76 | N72: =M72*$B$15 -> 14548.8 | O72: =MAX($B$30*(1-$B$10)-L72,0) -> 0 | P72: =IFERROR(O72/$B$40,0) -> 0 | Q72: =P72*$B$16 -> 0 | R72: =I72+J72+N72+Q72 -> 29706.438
A73: M29 | B73: =INDEX($I$5:$I$16, 1+MOD(29-1,12)) -> 1 | C73: =MIN(C72*(1+$B$21), $B$22) -> 392.01291 | D73: =C73*$B$23*$B$24*$B$39*B73 -> 392.01291 | E73: =MIN(D73, $F$38) -> 392.01291 | F73: =(($B$31*$F$34*$B$10) + ($B$32*$F$35*$B$10))*(1+$F$24)*B73 -> 490.77952 | G73: =MIN(F73, MAX(F38-E73,0), F24*F38) -> 64.98464 | H73: =IFERROR(($F$42*E73 + $F$41*G73)/(E73+G73),0) -> 28.279792 | I73: =(E73+G73)*H73 -> 12923.796 | J73: =H73*(E73+G73)*$F$12 -> 646.18979 | K73: =C73*B25*B40*B73 -> 23520.775 | L73: =MIN(K73, $B$30*(1-$B$10)) -> 2909.76 | M73: =IFERROR(L73/$B$40,0) -> 2909.76 | N73: =M73*$B$15 -> 14548.8 | O73: =MAX($B$30*(1-$B$10)-L73,0) -> 0 | P73: =IFERROR(O73/$B$40,0) -> 0 | Q73: =P73*$B$16 -> 0 | R73: =I73+J73+N73+Q73 -> 28118.785
A74: M30 | B74: =INDEX($I$5:$I$16, 1+MOD(30-1,12)) -> 1 | C74: =MIN(C73*(1+$B$21), $B$22) -> 411.61356 | D74: =C74*$B$23*$B$24*$B$39*B74 -> 411.61356 | E74: =MIN(D74, $F$38) -> 411.61356 | F74: =(($B$31*$F$34*$B$10) + ($B$32*$F$35*$B$10))*(1+$F$24)*B74 -> 490.77952 | G74: =MIN(F74, MAX(F38-E74,0), F24*F38) -> 64.98464 | H74: =IFERROR(($F$42*E74 + $F$41*G74)/(E74+G74),0) -> 28.227159 | I74: =(E74+G74)*H74 -> 13453.013 | J74: =H74*(E74+G74)*$F$12 -> 672.65066 | K74: =C74*B25*B40*B74 -> 24696.814 | L74: =MIN(K74, $B$30*(1-$B$10)) -> 2909.76 | M74: =IFERROR(L74/$B$40,0) -> 2909.76 | N74: =M74*$B$15 -> 14548.8 | O74: =MAX($B$30*(1-$B$10)-L74,0) -> 0 | P74: =IFERROR(O74/$B$40,0) -> 0 | Q74: =P74*$B$16 -> 0 | R74: =I74+J74+N74+Q74 -> 28674.464
A75: M31 | B75: =INDEX($I$5:$I$16, 1+MOD(31-1,12)) -> 1 | C75: =MIN(C74*(1+$B$21), $B$22) -> 432.19424 | D75: =C75*$B$23*$B$24*$B$39*B75 -> 432.19424 | E75: =MIN(D75, $F$38) -> 432.19424 | F75: =(($B$31*$F$34*$B$10) + ($B$32*$F$35*$B$10))*(1+$F$24)*B75 -> 490.77952 | G75: =MIN(F75, MAX(F38-E75,0), F24*F38) -> 64.98464 | H75: =IFERROR(($F$42*E75 + $F$41*G75)/(E75+G75),0) -> 28.176361 | I75: =(E75+G75)*H75 -> 14008.691 | J75: =H75*(E75+G75)*$F$12 -> 700.43457 | K75: =C75*B25*B40*B75 -> 25931.654 | L75: =MIN(K75, $B$30*(1-$B$10)) -> 2909.76 | M75: =IFERROR(L75/$B$40,0) -> 2909.76 | N75: =M75*$B$15 -> 14548.8 | O75: =MAX($B$30*(1-$B$10)-L75,0) -> 0 | P75: =IFERROR(O75/$B$40,0) -> 0 | Q75: =P75*$B$16 -> 0 | R75: =I75+J75+N75+Q75 -> 29257.926
A76: M32 | B76: =INDEX($I$5:$I$16, 1+MOD(32-1,12)) -> 1 | C76: =MIN(C75*(1+$B$21), $B$22) -> 453.80395 | D76: =C76*$B$23*$B$24*$B$39*B76 -> 453.80395 | E76: =MIN(D76, $F$38) -> 453.80395 | F76: =(($B$31*$F$34*$B$10) + ($B$32*$F$35*$B$10))*(1+$F$24)*B76 -> 490.77952 | G76: =MIN(F76, MAX(F38-E76,0), F24*F38) -> 64.98464 | H76: =IFERROR(($F$42*E76 + $F$41*G76)/(E76+G76),0) -> 28.12736 | I76: =(E76+G76)*H76 -> 14592.154 | J76: =H76*(E76+G76)*$F$12 -> 729.60768 | K76: =C76*B25*B40*B76 -> 27228.237 | L76: =MIN(K76, $B$30*(1-$B$10)) -> 2909.76 | M76: =IFERROR(L76/$B$40,0) -> 2909.76 | N76: =M76*$B$15 -> 14548.8 | O76: =MAX($B$30*(1-$B$10)-L76,0) -> 0 | P76: =IFERROR(O76/$B$40,0) -> 0 | Q76: =P76*$B$16 -> 0 | R76: =I76+J76+N76+Q76 -> 29870.561
A77: M33 | B77: =INDEX($I$5:$I$16, 1+MOD(33-1,12)) -> 1.2 | C77: =MIN(C76*(1+$B$21), $B$22) -> 476.49415 | D77: =C77*$B$23*$B$24*$B$39*B77 -> 571.79298 | E77: =MIN(D77, $F$38) -> 571.79298 | F77: =(($B$31*$F$34*$B$10) + ($B$32*$F$35*$B$10))*(1+$F$24)*B77 -> 588.93542 | G77: =MIN(F77, MAX(F38-E77,0), F24*F38) -> 64.98464 | H77: =IFERROR(($F$42*E77 + $F$41*G77)/(E77+G77),0) -> 27.918471 | I77: =(E77+G77)*H77 -> 17777.857 | J77: =H77*(E77+G77)*$F$12 -> 888.89287 | K77: =C77*B25*B40*B77 -> 34307.579 | L77: =MIN(K77, $B$30*(1-$B$10)) -> 2909.76 | M77: =IFERROR(L77/$B$40,0) -> 2909.76 | N77: =M77*$B$15 -> 14548.8 | O77: =MAX($B$30*(1-$B$10)-L77,0) -> 0 | P77: =IFERROR(O77/$B$40,0) -> 0 | Q77: =P77*$B$16 -> 0 | R77: =I77+J77+N77+Q77 -> 33215.55
A78: M34 | B78: =INDEX($I$5:$I$16, 1+MOD(34-1,12)) -> 1.5 | C78: =MIN(C77*(1+$B$21), $B$22) -> 500.31885 | D78: =C78*$B$23*$B$24*$B$39*B78 -> 750.47828 | E78: =MIN(D78, $F$38) -> 649.8464 | F78: =(($B$31*$F$34*$B$10) + ($B$32*$F$35*$B$10))*(1+$F$24)*B78 -> 736.16928 | G78: =MIN(F78, MAX(F38-E78,0), F24*F38) -> 0 | H78: =IFERROR(($F$42*E78 + $F$41*G78)/(E78+G78),0) -> 27 | I78: =(E78+G78)*H78 -> 17545.853 | J78: =H78*(E78+G78)*$F$12 -> 877.29264 | K78: =C78*B25*B40*B78 -> 45028.697 | L78: =MIN(K78, $B$30*(1-$B$10)) -> 2909.76 | M78: =IFERROR(L78/$B$40,0) -> 2909.76 | N78: =M78*$B$15 -> 14548.8 | O78: =MAX($B$30*(1-$B$10)-L78,0) -> 0 | P78: =IFERROR(O78/$B$40,0) -> 0 | Q78: =P78*$B$16 -> 0 | R78: =I78+J78+N78+Q78 -> 32971.945
A79: M35 | B79: =INDEX($I$5:$I$16, 1+MOD(35-1,12)) -> 1.5 | C79: =MIN(C78*(1+$B$21), $B$22) -> 525.3348 | D79: =C79*$B$23*$B$24*$B$39*B79 -> 788.0022 | E79: =MIN(D79, $F$38) -> 649.8464 | F79: =(($B$31*$F$34*$B$10) + ($B$32*$F$35*$B$10))*(1+$F$24)*B79 -> 736.16928 | G79: =MIN(F79, MAX(F38-E79,0), F24*F38) -> 0 | H79: =IFERROR(($F$42*E79 + $F$41*G79)/(E79+G79),0) -> 27 | I79: =(E79+G79)*H79 -> 17545.853 | J79: =H79*(E79+G79)*$F$12 -> 877.29264 | K79: =C79*B25*B40*B79 -> 47280.132 | L79: =MIN(K79, $B$30*(1-$B$10)) -> 2909.76 | M79: =IFERROR(L79/$B$40,0) -> 2909.76 | N79: =M79*$B$15 -> 14548.8 | O79: =MAX($B$30*(1-$B$10)-L79,0) -> 0 | P79: =IFERROR(O79/$B$40,0) -> 0 | Q79: =P79*$B$16 -> 0 | R79: =I79+J79+N79+Q79 -> 32971.945
A80: M36 | B80: =INDEX($I$5:$I$16, 1+MOD(36-1,12)) -> 2 | C80: =MIN(C79*(1+$B$21), $B$22) -> 551.60154 | D80: =C80*$B$23*$B$24*$B$39*B80 -> 1103.2031 | E80: =MIN(D80, $F$38) -> 649.8464 | F80: =(($B$31*$F$34*$B$10) + ($B$32*$F$35*$B$10))*(1+$F$24)*B80 -> 981.55904 | G80: =MIN(F80, MAX(F38-E80,0), F24*F38) -> 0 | H80: =IFERROR(($F$42*E80 + $F$41*G80)/(E80+G80),0) -> 27 | I80: =(E80+G80)*H80 -> 17545.853 | J80: =H80*(E80+G80)*$F$12 -> 877.29264 | K80: =C80*B25*B40*B80 -> 66192.184 | L80: =MIN(K80, $B$30*(1-$B$10)) -> 2909.76 | M80: =IFERROR(L80/$B$40,0) -> 2909.76 | N80: =M80*$B$15 -> 14548.8 | O80: =MAX($B$30*(1-$B$10)-L80,0) -> 0 | P80: =IFERROR(O80/$B$40,0) -> 0 | Q80: =P80*$B$16 -> 0 | R80: =I80+J80+N80+Q80 -> 32971.945
A83: Quarterly Summary
A84: Quarter | B84: Members (avg) | C84: Reservation Revenue (incl. no-shows) | D84: Open Play Revenue | E84: TOTAL Court Revenue
A85: Q1 (M1–M3) | B85: =AVERAGE('Membership-Driven (36m)'!C45:'Membership-Driven (36m)'!C47) -> 105.08333 | C85: =SUM('Membership-Driven (36m)'!I45:I47)+SUM('Membership-Driven (36m)'!J45:J47) -> 36740.539 | D85: =SUM('Membership-Driven (36m)'!N45:N47)+SUM('Membership-Driven (36m)'!Q45:Q47) -> 48234.96 | E85: =SUM('Membership-Driven (36m)'!R45:R47) -> 84975.499
A86: Q2 (M4–M6) | B86: =AVERAGE('Membership-Driven (36m)'!C48:'Membership-Driven (36m)'!C50) -> 121.64709 | C86: =SUM('Membership-Driven (36m)'!I48:I50)+SUM('Membership-Driven (36m)'!J48:J50) -> 18371.717 | D86: =SUM('Membership-Driven (36m)'!N48:N50)+SUM('Membership-Driven (36m)'!Q48:Q50) -> 43646.4 | E86: =SUM('Membership-Driven (36m)'!R48:R50) -> 62018.117
A87: Q3 (M7–M9) | B87: =AVERAGE('Membership-Driven (36m)'!C51:'Membership-Driven (36m)'!C53) -> 140.82172 | C87: =SUM('Membership-Driven (36m)'!I51:I53)+SUM('Membership-Driven (36m)'!J51:J53) -> 20183.862 | D87: =SUM('Membership-Driven (36m)'!N51:N53)+SUM('Membership-Driven (36m)'!Q51:Q53) -> 43646.4 | E87: =SUM('Membership-Driven (36m)'!R51:R53) -> 63830.262
A88: Q4 (M10–M12) | B88: =AVERAGE('Membership-Driven (36m)'!C54:'Membership-Driven (36m)'!C56) -> 163.01874 | C88: =SUM('Membership-Driven (36m)'!I54:I56)+SUM('Membership-Driven (36m)'!J54:J56) -> 30590.78 | D88: =SUM('Membership-Driven (36m)'!N54:N56)+SUM('Membership-Driven (36m)'!Q54:Q56) -> 43646.4 | E88: =SUM('Membership-Driven (36m)'!R54:R56) -> 74237.18
A89: Q5 (M13–M15) | B89: =AVERAGE('Membership-Driven (36m)'!C57:'Membership-Driven (36m)'!C59) -> 188.71457 | C89: =SUM('Membership-Driven (36m)'!I57:I59)+SUM('Membership-Driven (36m)'!J57:J59) -> 33990.146 | D89: =SUM('Membership-Driven (36m)'!N57:N59)+SUM('Membership-Driven (36m)'!Q57:Q59) -> 43646.4 | E89: =SUM('Membership-Driven (36m)'!R57:R59) -> 77636.546
A90: Q6 (M16–M18) | B90: =AVERAGE('Membership-Driven (36m)'!C60:'Membership-Driven (36m)'!C62) -> 218.4607 | C90: =SUM('Membership-Driven (36m)'!I60:I62)+SUM('Membership-Driven (36m)'!J60:J62) -> 27128.093 | D90: =SUM('Membership-Driven (36m)'!N60:N62)+SUM('Membership-Driven (36m)'!Q60:Q62) -> 43646.4 | E90: =SUM('Membership-Driven (36m)'!R60:R62) -> 70774.493
A91: Q7 (M19–M21) | B91: =AVERAGE('Membership-Driven (36m)'!C63:'Membership-Driven (36m)'!C65) -> 252.89557 | C91: =SUM('Membership-Driven (36m)'!I63:I65)+SUM('Membership-Driven (36m)'!J63:J65) -> 30382.446 | D91: =SUM('Membership-Driven (36m)'!N63:N65)+SUM('Membership-Driven (36m)'!Q63:Q65) -> 43646.4 | E91: =SUM('Membership-Driven (36m)'!R63:R65) -> 74028.846
A92: Q8 (M22–M24) | B92: =AVERAGE('Membership-Driven (36m)'!C66:'Membership-Driven (36m)'!C68) -> 292.75824 | C92: =SUM('Membership-Driven (36m)'!I66:I68)+SUM('Membership-Driven (36m)'!J66:J68) -> 47958.83 | D92: =SUM('Membership-Driven (36m)'!N66:N68)+SUM('Membership-Driven (36m)'!Q66:Q68) -> 43646.4 | E92: =SUM('Membership-Driven (36m)'!R66:R68) -> 91605.23
A93: Q9 (M25–M27) | B93: =AVERAGE('Membership-Driven (36m)'!C69:'Membership-Driven (36m)'!C71) -> 338.90425 | C93: =SUM('Membership-Driven (36m)'!I69:I71)+SUM('Membership-Driven (36m)'!J69:J71) -> 52902.566 | D93: =SUM('Membership-Driven (36m)'!N69:N71)+SUM('Membership-Driven (36m)'!Q69:Q71) -> 43646.4 | E93: =SUM('Membership-Driven (36m)'!R69:R71) -> 96548.966
A94: Q10 (M28–M30) | B94: =AVERAGE('Membership-Driven (36m)'!C72:'Membership-Driven (36m)'!C74) -> 392.32404 | C94: =SUM('Membership-Driven (36m)'!I72:I74)+SUM('Membership-Driven (36m)'!J72:J74) -> 42853.287 | D94: =SUM('Membership-Driven (36m)'!N72:N74)+SUM('Membership-Driven (36m)'!Q72:Q74) -> 43646.4 | E94: =SUM('Membership-Driven (36m)'!R72:R74) -> 86499.687
A95: Q11 (M31–M33) | B95: =AVERAGE('Membership-Driven (36m)'!C75:'Membership-Driven (36m)'!C77) -> 454.16411 | C95: =SUM('Membership-Driven (36m)'!I75:I77)+SUM('Membership-Driven (36m)'!J75:J77) -> 48697.638 | D95: =SUM('Membership-Driven (36m)'!N75:N77)+SUM('Membership-Driven (36m)'!Q75:Q77) -> 43646.4 | E95: =SUM('Membership-Driven (36m)'!R75:R77) -> 92344.038
A96: Q12 (M34–M36) | B96: =AVERAGE('Membership-Driven (36m)'!C78:'Membership-Driven (36m)'!C80) -> 525.75173 | C96: =SUM('Membership-Driven (36m)'!I78:I80)+SUM('Membership-Driven (36m)'!J78:J80) -> 55269.436 | D96: =SUM('Membership-Driven (36m)'!N78:N80)+SUM('Membership-Driven (36m)'!Q78:Q80) -> 43646.4 | E96: =SUM('Membership-Driven (36m)'!R78:R80) -> 98915.836
A98: Yearly Summary
A99: Year | B99: Members (avg) | C99: Reservation Revenue (incl. no-shows) | D99: Open Play Revenue | E99: TOTAL Court Revenue
A100: Year 1 (M1–M12) | B100: =AVERAGE(C45:C56) -> 132.64272 | C100: =SUM(I45:I56)+SUM(J45:J56) -> 105886.9 | D100: =SUM(N45:N56)+SUM(P45:P56) -> 168467.52 | E100: =SUM(R45:R56) -> 285061.06
A101: Year 2 (M13–M24) | B101: =AVERAGE(C57:C68) -> 238.20727 | C101: =SUM(I57:I68)+SUM(J57:J68) -> 139459.52 | D101: =SUM(N57:N68)+SUM(P57:P68) -> 174585.6 | E101: =SUM(R57:R68) -> 314045.12
A102: Year 3 (M25–M36) | B102: =AVERAGE(C69:C80) -> 427.78603 | C102: =SUM(I69:I80)+SUM(J69:J80) -> 199722.93 | D102: =SUM(N69:N80)+SUM(P69:P80) -> 174585.6 | E102: =SUM(R69:R80) -> 374308.53
